<?xml version="1.0" encoding="UTF-8"?>
<metadata xml:lang="en"><Esri><CreaDate>20210928</CreaDate><CreaTime>08465800</CreaTime><ArcGISFormat>1.0</ArcGISFormat><SyncOnce>TRUE</SyncOnce><DataProperties><lineage><Process ToolSource="c:\program files (x86)\arcgis\desktop10.8\ArcToolbox\Toolboxes\Spatial Analyst Tools.tbx\ExtractByMask" Date="20210928" Time="084511">ExtractByMask NSWOEH_20171130_Shellharbour_MB_BTYGRD005_WGS84Z56AHD_QIM242_20210924_FV02.asc AOI E:\Data\Case_Studies\00_Shellh_Sample\2_Clip\Shellh_aoi</Process></lineage><itemProps><itemLocation><linkage Sync="TRUE">file://\\DESKTOP-TCJPK85\E$\Data\Case_Studies\00_Shellh_Sample\SampleData_Shellharbour\1_InputDEM\shellh_aoi</linkage><protocol Sync="TRUE">Local Area Network</protocol></itemLocation></itemProps><copyHistory><copy source="E:\Data\Case_Studies\00_Shellh_Sample\01_Prep\2_Clip\shellh_aoi" dest="\\DESKTOP-TCJPK85\E$\Data\Case_Studies\00_Shellh_Sample\SampleData_Shellharbour\1_InputDEM\shellh_aoi" date="20210928" time="08465800"></copy></copyHistory></DataProperties></Esri></metadata>
