<metadata xml:lang="en">
  <Esri>
    <CreaDate>20120901</CreaDate>
    <CreaTime>02190400</CreaTime>
    <ArcGISFormat>1.0</ArcGISFormat>
    <SyncOnce>TRUE</SyncOnce>
    </Esri>
  <dataIdInfo>
    <idCitation>
      <resTitle>4. Calculate Slope</resTitle>
    </idCitation>
  </dataIdInfo>
  <distInfo>
    <distributor>
      <distorFormat>
        <formatName>ArcToolbox Tool</formatName>
      </distorFormat>
    </distributor>
  </distInfo>
  <tool displayname="4. Calculate Slope" name="slope" toolboxalias="">
    <parameters>
      <param datatype="String" direction="Input" displayname="Input bathymetric raster" expression="Input_bathymetric_raster" name="Input_bathymetric_raster" type="Required" />
      <param datatype="String" direction="Output" displayname="Output raster" expression="Output_raster" name="Output_raster" type="Required" />
    </parameters>
  </tool>
</metadata>