<metadata xml:lang="en"><Esri><CreaDate>20160729</CreaDate><CreaTime>15381400</CreaTime><ArcGISFormat>1.0</ArcGISFormat><SyncOnce>TRUE</SyncOnce><ModDate>20160825</ModDate><ModTime>17093600</ModTime><scaleRange><minScale>150000000</minScale><maxScale>5000</maxScale></scaleRange><ArcGISProfile>ItemDescription</ArcGISProfile></Esri><tool name="arcchordratio" displayname="Arc-Chord Ratio" toolboxalias="btm" xmlns=""><arcToolboxHelpPath>c:\program files (x86)\arcgis\desktop10.4\Help\gp</arcToolboxHelpPath><parameters><param name="Bathymetry_Raster" displayname="Bathymetry Raster" type="Required" direction="Input" datatype="Raster Layer" expression="Bathymetry_Raster"><dialogReference>&lt;DIV STYLE="text-align:Left;"&gt;&lt;DIV&gt;&lt;DIV&gt;&lt;P&gt;&lt;SPAN&gt;Input surface raster for analysis&lt;/SPAN&gt;&lt;/P&gt;&lt;/DIV&gt;&lt;/DIV&gt;&lt;/DIV&gt;</dialogReference><pythonReference>&lt;DIV STYLE="text-align:Left;"&gt;&lt;DIV&gt;&lt;DIV&gt;&lt;P&gt;&lt;SPAN&gt;Input surface raster for analysis&lt;/SPAN&gt;&lt;/P&gt;&lt;/DIV&gt;&lt;/DIV&gt;&lt;/DIV&gt;</pythonReference></param><param name="Area of Interest" displayname="Area of Interest" type="Required" direction="Input" datatype="Feature Layer" expression="Area of Interest"><dialogReference>&lt;DIV STYLE="text-align:Left;"&gt;&lt;DIV&gt;&lt;DIV&gt;&lt;P&gt;&lt;SPAN&gt;A feature class containing one or more polygons that define the area of interest of the input surface raster for which the arc-chord ratio will be calculated. The results of this tool will be added to the value table of the area of interest. These results include the ACR rugosity, the surface area and planar area of the area of interest, and the slope and aspect of the area of interest (both in units of degrees). &lt;/SPAN&gt;&lt;/P&gt;&lt;P&gt;&lt;SPAN&gt;If a multipart geometry is given, it will be converted to a collection of single-part geometries. &lt;/SPAN&gt;&lt;/P&gt;&lt;/DIV&gt;&lt;/DIV&gt;&lt;/DIV&gt;</dialogReference><pythonReference>&lt;DIV STYLE="text-align:Left;"&gt;&lt;DIV&gt;&lt;DIV&gt;&lt;P&gt;&lt;SPAN&gt;A feature class containing one or more polygons that define the area of interest of the input surface raster for which the arc-chord ratio will be calculated. The results of this tool will be added to the value table of the area of interest. These results include the ACR rugosity, the surface area and planar area of the area of interest, and the slope and aspect of the area of interest. &lt;/SPAN&gt;&lt;/P&gt;&lt;P&gt;&lt;SPAN&gt;If a multipart geometry is given, it will be converted to a collection of single-part geometries. &lt;/SPAN&gt;&lt;/P&gt;&lt;P&gt;&lt;SPAN /&gt;&lt;/P&gt;&lt;/DIV&gt;&lt;/DIV&gt;&lt;/DIV&gt;</pythonReference></param><param name="Save TINs" displayname="Save Output Contoured and Planar TINs" type="Optional" direction="Input" datatype="Boolean" expression="{Save TINs}"><dialogReference>&lt;DIV STYLE="text-align:Left;"&gt;&lt;DIV&gt;&lt;DIV&gt;&lt;P&gt;&lt;SPAN&gt;If this parameter is enabled, all TINs will be saved to the output workspace specified. If this parameter is enabled and the 'Output Workspace' field is left blank, all TINs will be saved to the parent directory of the Area of Interest.&lt;/SPAN&gt;&lt;/P&gt;&lt;P&gt;&lt;SPAN&gt;This tool creates several TINs (Triangulated Irregular Networks) in the process of calculating results. The first TIN directly represents the input bathymetric dataset. Then, a TIN is created to represent the plane of best fit of each polygon in the area of interest. These TINs are by default deleted after this tool completes; however, the TINs may be useful for visualizing the rugosity of the study area. &lt;/SPAN&gt;&lt;/P&gt;&lt;/DIV&gt;&lt;/DIV&gt;&lt;/DIV&gt;</dialogReference><pythonReference>&lt;DIV STYLE="text-align:Left;"&gt;&lt;DIV&gt;&lt;DIV&gt;&lt;P&gt;&lt;SPAN&gt;If this parameter is enabled, all TINs will be saved to the output workspace specified. If this parameter is enabled and the 'Output Workspace' field is left blank, all TINs will be saved to the parent directory of the Area of Interest.&lt;/SPAN&gt;&lt;/P&gt;&lt;P&gt;&lt;SPAN&gt;This tool creates several TINs (Triangulated Irregular Networks) in the process of calculating results. The first TIN directly represents the input bathymetric dataset. Then, a TIN is created to represent the plane of best fit of each polygon in the area of interest. These TINs are by default deleted after this tool completes; however, the TINs may be useful for visualizing the rugosity of the study area. &lt;/SPAN&gt;&lt;/P&gt;&lt;/DIV&gt;&lt;/DIV&gt;&lt;/DIV&gt;</pythonReference></param><param name="Output_Workspace" displayname="Output Workspace" type="Optional" direction="Input" datatype="Workspace" expression="{Output_Workspace}"><dialogReference>&lt;DIV STYLE="text-align:Left;"&gt;&lt;DIV&gt;&lt;DIV&gt;&lt;P&gt;&lt;SPAN&gt;The workspace to which the result TINs will be saved if 'Save TINs' is enabled.&lt;/SPAN&gt;&lt;/P&gt;&lt;/DIV&gt;&lt;/DIV&gt;&lt;/DIV&gt;</dialogReference><pythonReference>&lt;DIV STYLE="text-align:Left;"&gt;&lt;DIV&gt;&lt;DIV&gt;&lt;P&gt;&lt;SPAN&gt;The workspace to which the result TINs will be saved if 'Save TINs' is enabled.&lt;/SPAN&gt;&lt;/P&gt;&lt;/DIV&gt;&lt;/DIV&gt;&lt;/DIV&gt;</pythonReference></param></parameters><summary>&lt;DIV STYLE="text-align:Left;"&gt;&lt;DIV&gt;&lt;DIV&gt;&lt;P&gt;&lt;SPAN&gt;Calculates the arc-chord ratio (ACR) rugosity index of a bathymetric dataset for the extent of the area of interest (AOI) defined. The ACR rugosity index is a measure of three-dimensional structural complexity that is independent of slope at the scale of the surface.&lt;/SPAN&gt;&lt;/P&gt;&lt;P&gt;&lt;SPAN&gt;ACR is calculated by creating two TINs, one representing the input dataset and one representing the plane of best fit (POBF) of the AOI. The POBF is a function (interpolation) of the boundary data only of the area of interest. The surface area of the first TIN within the AOI is divided by that of the second TIN to obtain a single ACR value for the area of interest. For more information on this metric please see Du Preez (2014).&lt;/SPAN&gt;&lt;/P&gt;&lt;P&gt;&lt;SPAN STYLE="font-weight:bold;"&gt;Note:&lt;/SPAN&gt;&lt;SPAN&gt;Results from this tool will be added as new columns to the AOI polygon dataset chosen. If multipart polygons are used as an input, each will be exploded into separate polygons using the Multipart to Singlepart tool, and linked back to their original polygons with the ORIG_FID column.&lt;/SPAN&gt;&lt;/P&gt;&lt;P&gt;&lt;SPAN STYLE="font-weight:bold;"&gt;References:&lt;/SPAN&gt;&lt;/P&gt;&lt;P&gt;&lt;SPAN&gt;Du Preez, C. "A new arc-chord ratio (ACR) rugosity index for quantifying three-dimensional landscape structural complexity." Landscape Ecology. 2014, 30, 181–192. &lt;/SPAN&gt;&lt;/P&gt;&lt;P&gt;&lt;SPAN /&gt;&lt;/P&gt;&lt;/DIV&gt;&lt;/DIV&gt;&lt;/DIV&gt;</summary><usage>&lt;DIV STYLE="text-align:Left;"&gt;&lt;DIV&gt;&lt;DIV&gt;&lt;UL&gt;&lt;LI&gt;&lt;P&gt;&lt;SPAN&gt;Results of this tool will be stored in the value table of the area(s) of interest. &lt;/SPAN&gt;&lt;/P&gt;&lt;/LI&gt;&lt;LI&gt;&lt;P&gt;&lt;SPAN&gt;The slope and aspect of the plane of best fit will be automatically computed. These can be helpful descriptors of the area of interest in addition to the arc-chord ratio. &lt;/SPAN&gt;&lt;/P&gt;&lt;/LI&gt;&lt;LI&gt;&lt;P&gt;&lt;SPAN&gt;To create a surface of arc-chord ratio rugosity, rather than a single value for an area of interest, please use the Surface Area to Planar Area tool. &lt;/SPAN&gt;&lt;/P&gt;&lt;/LI&gt;&lt;/UL&gt;&lt;/DIV&gt;&lt;/DIV&gt;&lt;/DIV&gt;</usage></tool><dataIdInfo><idCitation><resTitle>Arc-Chord Ratio</resTitle></idCitation><idAbs>&lt;DIV STYLE="text-align:Left;"&gt;&lt;DIV&gt;&lt;DIV&gt;&lt;P&gt;&lt;SPAN&gt;Calculates the arc-chord ratio (ACR) rugosity index of a bathymetric dataset for the extent of the area of interest (AOI) defined. The ACR rugosity index is a measure of three-dimensional structural complexity that is independent of slope at the scale of the surface.&lt;/SPAN&gt;&lt;/P&gt;&lt;P&gt;&lt;SPAN&gt;ACR is calculated by creating two TINs, one representing the input dataset and one representing the plane of best fit (POBF) of the AOI. The POBF is a function (interpolation) of the boundary data only of the area of interest. The surface area of the first TIN within the AOI is divided by that of the second TIN to obtain a single ACR value for the area of interest. For more information on this metric please see Du Preez (2014).&lt;/SPAN&gt;&lt;/P&gt;&lt;P&gt;&lt;SPAN STYLE="font-weight:bold;"&gt;Note:&lt;/SPAN&gt;&lt;SPAN&gt;Results from this tool will be added as new columns to the AOI polygon dataset chosen. If multipart polygons are used as an input, each will be exploded into separate polygons using the Multipart to Singlepart tool, and linked back to their original polygons with the ORIG_FID column.&lt;/SPAN&gt;&lt;/P&gt;&lt;P&gt;&lt;SPAN STYLE="font-weight:bold;"&gt;References:&lt;/SPAN&gt;&lt;/P&gt;&lt;P&gt;&lt;SPAN&gt;Du Preez, C. "A new arc-chord ratio (ACR) rugosity index for quantifying three-dimensional landscape structural complexity." Landscape Ecology. 2014, 30, 181–192. &lt;/SPAN&gt;&lt;/P&gt;&lt;P&gt;&lt;SPAN /&gt;&lt;/P&gt;&lt;/DIV&gt;&lt;/DIV&gt;&lt;/DIV&gt;</idAbs><searchKeys><keyword>Arc chord ratio ACR rugosity terrain ruggedness index bathymetry benthic</keyword></searchKeys></dataIdInfo><distInfo><distributor><distorFormat><formatName>ArcToolbox Tool</formatName></distorFormat></distributor></distInfo><mdHrLv><ScopeCd value="005"/></mdHrLv></metadata>
