<?xml version="1.0" encoding="UTF-8"?>
<metadata xml:lang="en"><Esri><CreaDate>20230710</CreaDate><CreaTime>16383900</CreaTime><ArcGISFormat>1.0</ArcGISFormat><SyncOnce>TRUE</SyncOnce><DataProperties><itemProps><itemLocation><linkage Sync="TRUE">file://\\PW0671RN\C$\Data\Classification\Worked_Example\Shellh05_RequiredEdits_Settings_LANDFORMS_202307101532.txt</linkage><protocol Sync="TRUE">Local Area Network</protocol></itemLocation></itemProps><copyHistory><copy source="C:\Data\Classification\Shellh05_RequiredEdits_Settings_LANDFORMS_202307101532.txt" dest="\\PW0671RN\C$\Data\Classification\Worked_Example\Shellh05_RequiredEdits_Settings_LANDFORMS_202307101532.txt" date="20230710" time="16383900"></copy></copyHistory></DataProperties></Esri></metadata>
